Sex,AgeYears,(Current Address) City / Municipality,(Current Address) Barangay,(Current Address) Sitio / Purok / Street Name,DAdmit,Year,BloodType
Female,5,City of Iligan,Tubod,PUROK MANGA,01/12/2026,2026,B+
Male,1,City of Iligan,Suarez,Zone Meteor,01/05/2026,2026,O-
Female,13,City of Iligan,Tubod,N/A,01/17/2026,2026,O+
Male,8,City of Iligan,Tibanga,N/A,01/17/2026,2026,O+
Male,18,City of Iligan,Mahayahay,N/A,01/12/2026,2026,B-
Female,2,City of Iligan,Tibanga,PUROK 12,01/25/2026,2026,B+
Male,6,Manticao,Punta Silum,Purok 3-B,01/19/2026,2026,O+
Male,17,City of Iligan,Puga-an,Purok 1-A,01/19/2026,2026,O-
Female,5,City of Iligan,San Miguel,N/A,01/29/2026,2026,O-
Female,9,City of Iligan,Mahayahay,Purok Adelfa,01/26/2026,2026,B-
Female,2,City of Iligan,Dalipuga,"Purok 1C, Tag-Ibo",01/26/2026,2026,O-
Male,88,City of Iligan,Tubod,"LLUCH ALTHEA HGTS, SUNRISE CARBIDE VILLAGE",01/27/2026,2026,O-
Male,7,City of Iligan,Hinaplanon,DOOR 5 BAUTISTA APARTMENT PUROK 9 BAYUG,02/03/2026,2026,O-
Male,0,City of Iligan,Tomas L. Cabili,CEANURI VILLAGE,02/04/2026,2026,B-
Female,3,City of Iligan,Tambacan,PUROK 11-A,02/10/2026,2026,O+
Male,54,Munai,Old Poblacion,NEAR BARANGAY HALL,02/04/2026,2026,B-
Male,3,City of Iligan,Ditucalan,NAPOCOR,02/14/2026,2026,O+
Female,1,City of Iligan,Tibanga,Purok 7 Canaway,02/14/2026,2026,O+
Female,1,Kauswagan,Poblacion,PUROK 10 ROXAS ST.,02/19/2026,2026,O-
Male,12,City of Iligan,Tubod,N/A,02/19/2026,2026,A-
Female,33,Linamon,Poblacion,"PUROK 3, MOHAMMAD ST.",02/20/2026,2026,A+
Female,1,City of Iligan,Suarez,ZONE METEOR,02/24/2026,2026,O+
Male,27,City of Iligan,Tubod,MANUANG,02/24/2026,2026,B+
Male,21,City of Iligan,Tambacan,PUROK 1,02/23/2026,2026,O+
Male,6,City of Iligan,Palao,Purok 5,02/19/2026,2026,B+
Female,6,City of Iligan,Maria Cristina,Purok 8,02/16/2026,2026,O+
Male,14,City of Iligan,Tambacan,Purok 3,02/18/2026,2026,O-
Female,1,City of Iligan,Buru-un,PUROK2,02/28/2026,2026,B-
Male,6,City of Iligan,Tibanga,"Purok 4, Saray",02/26/2026,2026,O-
Female,29,City of Iligan,Tibanga,PUROK 15,02/28/2026,2026,A-
Female,4,City of Iligan,Hinaplanon,N/A,02/26/2026,2026,O+
Male,13,City of Iligan,Santiago,B3L4 Orchid Homes,02/23/2026,2026,O-
Female,9,City of Iligan,Mainit,SITIO NAHULOGAN,03/04/2026,2026,O+
Female,9,City of Iligan,Buru-un,PUROK 3-A MICHAEL HEIGHTS,03/08/2026,2026,O+
Female,30,City of Iligan,Tubod,"MERCY  REGIONAL HOUSE , CAMAGUE",03/09/2026,2026,O-
Male,2,City of Iligan,Mandulog,B6L10 Gma Kapuso Village,03/04/2026,2026,O+
Male,7,City of Iligan,Hinaplanon,"Purok 7, Tambo",03/05/2026,2026,O+
Male,35,City of Iligan,Mainit,PUROK 1,03/10/2026,2026,O+
Female,2,City of Iligan,Tubod,Tomasaco St.,03/15/2026,2026,B-
Female,36,City of Iligan,Santa Elena,Bayanihan Village,03/10/2026,2026,O-
Female,15,City of Iligan,Buru-un,,03/16/2026,2026,O-
Male,3,City of Iligan,Tubod,PUROK SAN ANTONIO,03/17/2026,2026,A+
Female,15,City of Iligan,Tubod,0062 PUROK SAN ANTONIO,03/19/2026,2026,O+
Female,4,City of Iligan,Dalipuga,PUROK PAITAN,03/23/2026,2026,A-
Male,4,City of Iligan,Rogongon,"Kabangahan 2, Sta. Cruz",03/16/2026,2026,O+
Male,10,City of Iligan,Santa Elena,P-12,03/24/2026,2026,O-
Female,0,City of Iligan,Santiago,PUROK 8-B,03/22/2026,2026,B-
Male,0,City of Iligan,Santa Elena,BLOCK 14 LOT 1 STEELTOWN,03/22/2026,2026,O-
Female,4,Baloi,Maria-Cristina,PUROK 3,03/22/2026,2026,O+
Male,1,Kapatagan,Suso,,03/22/2026,2026,O+
Female,5,City of Iligan,Hinaplanon,PUROK KATIPUNAN VILLAGE HINAPLANON,03/28/2026,2026,B+
Female,3,City of Iligan,Dalipuga,PUROK 19 GK TAGIBO,03/28/2026,2026,B+
Male,6,City of Pagadian ,Santa Maria,PUROK SANTAN,03/24/2026,2026,O+
Male,32,City of Iligan,Kabacsanan,"ZONE 8, PIGSUGALAN",03/30/2026,2026,AB+
Female,6,City of Iligan,Tubod,PUROK SANTA TERESITA HINALINAN,03/30/2026,2026,O+
Female,24,City of Iligan,Dalipuga,"B91, L13, Vista Village, Paitan",03/22/2026,2026,A+
Female,2,Bacolod,Demologan,Purok 3,03/28/2026,2026,O+
Male,10,Baloi,Poblacion East,Dilimbayan St.,03/25/2026,2026,B+
Male,2,City of Iligan,Tubod,Purok Sta. Teresita,03/27/2026,2026,O+
Female,1,City of Iligan,Santa Elena,B-86 L-1 Bayanihan Village,03/26/2026,2026,AB+
Male,26,City of Iligan,Santo Rosario,Zone 7,03/27/2026,2026,O+
Female,5,City of Iligan,Acmac-Mariano Badelles Sr.,Purok Santan,03/28/2026,2026,A-
Male,16,City of Iligan,Tubod,PUROK MANUANG,04/01/2026,2026,O+
Male,1,City of Iligan,Dalipuga,"VISTA VILLAGE, PAITAN",03/29/2026,2026,A-
Male,0,City of Cagayan De Oro ,Balulang, ST. THERESE SUBDIVISION BLOCK 4 LOT 5 VILLAVERDE,04/01/2026,2026,O+
Female,46,Pantao Ragat,Matampay,,03/30/2026,2026,A-
Male,32,City of Cagayan De Oro ,Gusa,P-1,04/03/2026,2026,O+
Male,4,City of Iligan,Saray,"PUROK 10, ROOSEVELT",04/05/2026,2026,B-
Male,6,City of Iligan,Upper Hinaplanon,PUROK 5,04/05/2026,2026,O+
Male,4,City of Iligan,Ubaldo Laya,"PUROK 1, MERILA",04/05/2026,2026,B+
Male,4,City of Iligan,Tambacan,Purok 1,04/01/2026,2026,A-
Male,12,City of Iligan,Tubod,Boston St. Celdran Village,04/03/2026,2026,O-
Female,5,City of Iligan,Poblacion,Aguinaldo St.,04/01/2026,2026,O-
Female,4,City of Iligan,Tubod,3RD EAST ROSARIO HEIGHTS,04/05/2026,2026,O+
Male,3,City of Iligan,Suarez,ZONE  BEVERLY ,04/04/2026,2026,O+
Male,4,City of Iligan,Tubod,24 HARVARD STREET CELDRAN VILLAGE ,04/04/2026,2026,A-
Male,26,Pantao Ragat,Aloon,PUROK 1,04/04/2026,2026,O+
Male,12,Bacolod,Esperanza,PUROK 6,04/08/2026,2026,O-
Male,25,City of Iligan,Villa Verde,PUROK ORCHIDS,04/08/2026,2026,B+
Male,49,City of Iligan,Santiago,PUROK 8C,04/08/2026,2026,B-
Male,2,City of Iligan,Buru-un,PUROK 4,04/07/2026,2026,O+
Female,1,City of Iligan,Villa Verde,P-Ilang-Ilang,04/08/2026,2026,O+
Male,4,City of Iligan,Dalipuga,PAITAN VISTA VILLAGE,04/09/2026,2026,O-
Female,33,City of Iligan,Del Carmen,BLOCK 5 LOT 3 ERLINDAVILLE,04/13/2026,2026,O+
Female,8,City of Iligan,Upper Tominobo,PUROK 2,04/16/2026,2026,O-
Male,10,City of Iligan,Santa Elena,BAYANIHAN STEEL TOWN,04/11/2026,2026,O-
Male,10,City of Iligan,Santa Elena,BAYANIHAN STEEL TOWN,04/11/2026,2026,O+
Female,15,Linamon,Poblacion,Purok 1,04/13/2026,2026,B+
Male,6,City of Iligan,Kiwalan,Pk 4,04/13/2026,2026,O+
Male,2,City of Iligan,Tambacan,P-4A,04/15/2026,2026,O+
Male,15,City of Iligan,Palao,"PUROK 1, LA SALLE ROAD, PALAO, ILIGAN CITY",04/16/2026,2026,O-
Female,6,City of Iligan,Puga-an,PUROK 1B,04/19/2026,2026,B-
Male,55,City of Iligan,Puga-an,Purok Dalamas,04/24/2026,2026,B-
Female,3,City of Iligan,Tubod,PUROK 2,04/26/2026,2026,B+
Female,5,City of Iligan,Del Carmen,"ZONE 2A, DEL CARMEN, ILIGAN CITY",04/19/2026,2026,O-
Male,16,City of Iligan,Hinaplanon,"PUROK 2A, GREEN VILLAGE, HINAPLANLNON, ILIGAN CITY",04/21/2026,2026,O-
Male,8,Laguindingan,Moog,"ZONE 1, MOOG, LAGUINDINGAN, MISAMIS ORIENTAL",04/21/2026,2026,AB-
Female,1,City of Iligan,Luinab,"PUROK GREEN VALLEY, LUINAB, ILIGAN CITY",04/23/2026,2026,O+
Male,1,Malabang,Montay,"MONTAY, MALABANG, LANAO DEL SUR",04/25/2026,2026,B-
Male,11,City of Iligan,Dalipuga,PUROK PAITAN,04/28/2026,2026,O+
Male,17,City of Iligan,Upper Hinaplanon,P-5 Katherine Ii Subd.,04/21/2026,2026,A-
Male,2,City of Iligan,Dalipuga,VISTA VILLAGE,04/29/2026,2026,A-
Female,19,City of Iligan,Mahayahay,P-AZUCENA,04/28/2026,2026,B+
Female,55,City of Iligan,Abuno,Z-19 PATAG,04/28/2026,2026,A+
Female,1,City of Marawi ,Moncado Kadingilan,"MONCADO KADINGILAN, MARAWI CITY",04/28/2026,2026,A-
Male,5,City of Iligan,Buru-un,PUROK 10A,04/30/2026,2026,B-
Male,9,City of Iligan,Tibanga,"PUROK 11, SARAY",05/04/2026,2026,O+
Female,17,City of Iligan,Tipanoy,,05/02/2026,2026,O-
Male,21,City of Iligan,Tambacan,PUROK 8,04/28/2026,2026,O+
Female,0,City of Iligan,Maria Cristina,PUROK 16 ZONE 6,05/06/2026,2026,AB+
Female,6,City of Iligan,Upper Tominobo,PUROK 16,05/05/2026,2026,O+
Male,2,City of Iligan,Tubod,KILUMCO,05/05/2026,2026,O+
Male,4,Baloi,Maria-Cristina,PUROK 1,05/07/2026,2026,B-
Female,1,City of Iligan,Kiwalan,"PUROK 7, KIWALAN, ILIGAN",05/11/2026,2026,O+
Male,4,City of Iligan,Abuno,"ZONE 19, ABUNO, ILIGAN CITY",05/13/2026,2026,A+
Male,18,City of Iligan,Luinab,"0012-A, PUROK 2, LUINAB, ILIGAN CITY",05/13/2026,2026,O-
Female,7,City of Iligan,Abuno,,05/13/2026,2026,A-
Female,6,City of Iligan,Rogongon,PUROK SAPOT-B,05/14/2026,2026,O+
Male,20,Naawan,Linangkayan,PUROK NILANGKAYAN,05/14/2026,2026,O+
Male,4,City of Iligan,Dalipuga,PUROK 13 DALIPUGA,05/15/2026,2026,O-
Male,4,City of Iligan,Buru-un,"PUROK 8A, BURU-UN, ILIGAN CITY",05/16/2026,2026,B-
Male,3,Lala,Maranding,"PUROK STAR APPLE, MARANDING, LALA, LANAO DEL NORTE",05/15/2026,2026,O-
Female,4,City of Iligan,Dalipuga,PHASE 1 HABITAT,05/17/2026,2026,O-
Male,32,City of Iligan,Poblacion,PUROK 4,05/19/2026,2026,O-
Female,41,Matungao,Santa Cruz,"STA. CRUZ, MATUNGAO, LANAO DEL NORTE",05/17/2026,2026,B-
Female,2,City of Iligan,Maria Cristina,PUROK 32A ZONE 13 BEHIND VILLAGE,05/21/2026,2026,O+
Female,0,City of Iligan,Tubod,"004 MARTINEZ ST. LAVILLE, BARA-AS, TUBOD ILIGAN CITY",05/21/2026,2026,O-
Female,5,City of Iligan,Bagong Silang,ZON 6 BAGONG SILANG,05/22/2026,2026,O+
Male,4,City of Iligan,Tambacan,PUROK 3A,05/22/2026,2026,O+
Male,2,Baloi,Maria-Cristina,"PUROK 9, MARIA CRISTINA, BALOI, LANAO DEL NORTE",05/26/2026,2026,O+
Male,37,City of Iligan,Rogongon,"PUROK SALVADOR, ROGONGON, ILIGAN CITY",05/24/2026,2026,O+
Male,66,City of Iligan,Suarez,ZONE SPRINGVILLE,05/24/2026,2026,O+
Male,56,City of Iligan,Suarez,ZONE METEOR,05/25/2026,2026,O-
Male,29,Pualas,Gadongan,NEAR MOSQUE,05/31/2026,2026,O+
Male,4,City of Iligan,Poblacion,ZONE 6,05/31/2026,2026,B+
Female,12,City of Iligan,Tubod,PUROK 1,06/02/2026,2026,O-
Female,21,City of Iligan,Digkilaan,CEBU VILLAGE,06/02/2026,2026,O+
Male,5,City of Iligan,Buru-un,"PUROK 8, BURU-UN, ILIGAN CITY",05/31/2026,2026,O-
Male,18,Naawan,Patag,"PUROK 1, PATAG, NAAWAN, MISAMIS ORIENTAL",05/31/2026,2026,O+
Male,6,City of Iligan,Del Carmen,"ZONE 3A, DEL CARMEN",06/02/2026,2026,O-
Female,2,City of Iligan,Buru-un,PUROK 1-A,05/31/2026,2026,O-
Female,0,City of Iligan,Buru-un,PUROK 10 CURVADA,06/04/2026,2026,O-
Male,30,Munai,Tambo,PUROK 4,05/28/2026,2026,O-
Female,9,City of Iligan,Tipanoy,"PUROK 1 A TIPANOY, ILIGAN CITY",06/05/2026,2026,O+
Male,33,City of Iligan,Dalipuga,"P-19, 13 DALIPUGA, ILIGAN CITY",06/05/2026,2026,O+
Female,37,City of Iligan,Upper Hinaplanon,PUROK 6,06/07/2026,2026,O+
Male,7,Naawan,Patag,"PUROK 6, MAPUTI, NAAWAN, MISAMIS ORIENTAL",06/04/2026,2026,O+
Male,3,City of Iligan,Suarez,"ZONE ARIES II, SUAREZ, ILIGAN CITY",06/05/2026,2026,O-
Female,13,Baloi,Maria-Cristina,"PICOP, MARIA CRISTINA, BALOI, LANAO DEL NORTE",06/08/2026,2026,O+
Female,0,City of Iligan,Del Carmen,"0055 ZZONE 4, DEL CARMEN, ILIGAN CITY",06/08/2026,2026,B+
Male,8,City of Iligan,Dalipuga,"PUROK 1C, TAG-IBO, DALIPUGA, ILIGAN CITY",06/10/2026,2026,O+
Male,9,Maigo,Labuay,PUROK 3,06/13/2026,2026,B+
Male,7,City of Iligan,Tipanoy,"LANDLESS PHASE - 2, TIPANOY, ILIGAN CITY",06/13/2026,2026,A-
Female,20,City of Iligan,Bagong Silang,"PALM SPRING, BAGONG SILANG, ILIGAN CITY",06/13/2026,2026,O+
Male,3,City of Iligan,Tubod,"LOMONDOT COMPOUND, BARAAS",06/10/2026,2026,B+
Male,3,City of Iligan,Tubod,"LOMONDOT COMPOUND, BARAAS",06/10/2026,2026,A-
Female,0,Maigo,Balagatasa,PUROK 1 ,06/15/2026,2026,B+
Female,22,City of Iligan,Del Carmen,"ZONE 5, DEL CARMEN, ILIGAN CITY",06/14/2026,2026,A+
Male,0,Baloi,Buenavista,"PUROK 3, BUENAVISTA, BALO-I, LANAO DEL NORTE",06/16/2026,2026,O+
Female,7,City of Iligan,Tubod,"PUROK SAN ANTONIO, TUBOD, ILIGAN CITY",06/15/2026,2026,O-
Female,15,City of Iligan,Palao,,06/17/2026,2026,A-
Male,23,City of Iligan,Del Carmen,ZONE 3A,06/18/2026,2026,O+
Male,0,City of Pagadian ,Banale,PUROK MALUNGGAY,06/17/2026,2026,O+
Male,10,City of Iligan,Tipanoy,PUROK 9,06/16/2026,2026,A+
Male,10,City of Iligan,Puga-an,PUROK 3,06/20/2026,2026,B-
Male,20,Maigo,Balagatasa,PUROK 1,06/20/2026,2026,O+
Male,8,City of Iligan,Tipanoy,PUROK 1,06/22/2026,2026,O+
Male,39,Manticao,Upper Malubog,PUROK 1B,06/23/2026,2026,O-
Female,0,City of Iligan,Dulag,,06/23/2026,2026,O-
Male,5,City of Iligan,Santa Elena,"PUROK 8B, STEELTOWN",06/23/2026,2026,O-
Female,12,Manticao,Poblacion,"PUROK 15, MINDANAO MISSION ACADEMY",06/21/2026,2026,O+
Female,9,City of Iligan,Santiago,"PUROK 6B, SANTIAGO, ILIGAN CITY",06/25/2026,2026,O-
Male,12,Baloi,Poblacion East,"PUROK DILIM BAYAN EAST, POBLACION",06/22/2026,2026,O-
Female,8,Kapatagan,Poblacion,POBLACION,06/23/2026,2026,B+
Male,18,City of Iligan,Hinaplanon,"PUROK 4, UPPER HINAPLANON, ILIGAN CITY",06/24/2026,2026,AB-
Male,8,City of Iligan,Bagong Silang,,06/25/2026,2026,O+
Male,6,City of Iligan,Tambacan,PUROK 9,06/26/2026,2026,O+
Female,3,City of Iligan,Tambacan,PUROK 12,06/27/2026,2026,A-
Female,12,City of Iligan,Del Carmen,PUROK 2A,06/28/2026,2026,AB-
Female,3,City of Iligan,Tambacan,,06/28/2026,2026,O+
Male,0,City of Iligan,Digkilaan,PUROK 1 NARRA,06/24/2026,2026,O-
Male,8,Bacolod,Minaulon,PUROK 3,06/26/2026,2026,B+
Male,4,City of Iligan,Dalipuga,PUROK 1 TAG-IBO,06/24/2026,2026,O-
Male,12,City of Iligan,Tipanoy,"PUROK 1 , BERNALES",06/29/2026,2026,O-
Female,13,Lugait,Poblacion,MASILAKON II Z-6,06/30/2026,2026,A-
Male,21,City of Iligan,Palao,ISABEL,06/29/2026,2026,AB+
Male,21,City of Iligan,Palao,ISABEL,06/29/2026,2026,A+
Male,25,Magsaysay,Somiorang,,06/27/2026,2026,B+
Male,27,Loreto,Binucayan,,06/30/2026,2026,B+
Male,27,Loreto,Binucayan,,06/30/2026,2026,O-
Male,6,City of Iligan,Luinab,PUROK 2,07/01/2026,2026,B+
Male,8,City of Iligan,Santiago,PUROK 8B,06/28/2026,2026,O+
Female,5,Manticao,Paniangan,PUROK 4,07/01/2026,2026,B-
Female,4,Baloi,Poblacion West,ALQUODOS,07/02/2026,2026,A-
Male,7,Baloi,Poblacion West,ALQUODOS,07/02/2026,2026,B-
Female,6,City of Iligan,Tambacan,PUROK 12,07/03/2026,2026,B+
Female,9,City of Iligan,Tambacan,PUROK 10,07/03/2026,2026,O-
Male,1,City of Iligan,Tubod,50C GANI APARTMENT PURDUE STREET,06/30/2026,2026,O+
Female,3,City of Iligan,Dalipuga,"VISTA VILLAGE, PAITAN",07/05/2026,2026,B-
Male,2,City of Iligan,Tipanoy,PUROK 2 A PINDUGANGAN,07/05/2026,2026,AB+
Male,14,City of Iligan,San Miguel,0013 FERNDALE ST.,07/05/2026,2026,B-
Female,3,City of Iligan,Mahayahay,PUROK MASIDLAKON,07/07/2026,2026,O+
Female,1,City of Iligan,Palao,,07/05/2026,2026,A-
Female,3,City of Iligan,Hinaplanon,PUROK 4A,07/11/2026,2026,O+
Female,8,City of Iligan,Hinaplanon,PUROK 4A,07/11/2026,2026,B+
Male,2,City of Iligan,Acmac-Mariano Badelles Sr.,PUROK 1,07/11/2026,2026,AB+
Male,5,City of Iligan,Tipanoy,"PUROK 1, BERNALES",07/11/2026,2026,O-
Female,2,City of Iligan,Tipanoy,"PUROK 1, BERNALES",07/11/2026,2026,O+
Male,4,City of Iligan,San Miguel,MILESTONE DRIVE ST.,07/10/2026,2026,O+
Male,5,Kauswagan,Poblacion,PUROK 1 MOHAMMAD STREET,07/10/2026,2026,AB+
Female,5,City of Iligan,Del Carmen,ZONE 5,07/13/2026,2026,B-
Male,10,City of Iligan,Tipanoy,PUROK 1 BERNALES,07/13/2026,2026,A+
Male,12,City of Iligan,Dalipuga,PUROK TAG-IBO,07/15/2026,2026,O+
Male,21,Lugait,Poblacion,PUROK MASILAKON DOS,07/14/2026,2026,B-
Female,11,City of Iligan,Ditucalan,PUROK ILANG-ILANG,07/16/2026,2026,B+
Female,3,City of Iligan,Palao,PUROK 17,07/16/2026,2026,B+
Male,7,Matungao,Pasayanon,,07/12/2026,2026,A-
Female,0,Malabang,BPS Village,,07/11/2026,2026,A-
Female,1,City of Iligan,Buru-un,	PUROK 14,07/18/2026,2026,A+
Female,12,City of Iligan,Ditucalan,PUROK MAKUGIHON,07/20/2026,2026,B+
Female,2,City of Iligan,Tipanoy,"PUROK 1, BERNALES",07/20/2026,2026,O-
Male,23,City of Iligan,Dulag,ZONE 2,07/20/2026,2026,O+
Male,71,City of Iligan,Tipanoy,PUROK 2A,07/22/2026,2026,O+
Male,6,City of Iligan,Dalipuga,"PUROK 24, ABUNDANT",07/23/2026,2026,B+
Female,17,City of Iligan,Tubod,BARA-AS,07/23/2026,2026,B-
Male,11,City of Iligan,Hinaplanon,PUROK 3,07/24/2026,2026,O-
Female,4,City of Iligan,Luinab,NEAR SEVEN ELEVEN BAHAYAN,07/26/2026,2026,O+
Male,10,City of Iligan,Tipanoy,PUROK 1,07/25/2026,2026,O-
Female,11,City of Iligan,Dulag,PUROK LITAG,07/27/2026,2026,A+
Female,14,City of Iligan,Tipanoy,PUROK 16,07/28/2026,2026,O-
Male,2,City of Iligan,Mahayahay,RIVERSIDE 2,07/22/2026,2026,B-
Male,6,City of Iligan,Del Carmen,ZONE 2 B,07/30/2026,2026,O-
Male,7,Baloi,Pacalundo,POBLACION,07/26/2026,2026,AB-
Male,1,City of Iligan,Luinab,ST. PAUL ST. BAHAYAN 7,07/25/2026,2026,B+
Male,7,City of Iligan,Mahayahay,GUMAMELA 1,07/26/2026,2026,O-
Female,30,City of Iligan,Puga-an,PUROK 5 TINONGOS,07/28/2026,2026,A-
Female,10,City of Iligan,San Roque,PUROK ADELFA LAMBAGUHON,07/31/2026,2026,O-
Male,42,City of Iligan,Mahayahay,,07/26/2026,2026,O+
Female,24,City of Iligan,Santo Rosario,,07/31/2026,2026,O+
